{
  "before": {
    "TP": 11,
    "FP": 12,
    "TN": 15,
    "FN": 15,
    "precision": 0.4783,
    "recall": 0.4231,
    "false_alert_rate": 0.5217
  },
  "after": {
    "TP": 4,
    "FP": 3,
    "TN": 23,
    "FN": 27,
    "precision": 0.5714285714285714,
    "recall": 0.12903225806451613,
    "false_alert_rate": 0.42857142857142855,
    "sustained_rps": 779.1248395864762,
    "latency_p95_ms": 8.04859,
    "cpu_avg_percent": 95.31111111111112
  },
  "cpu_profile": {
    "baseline_update_cumulative_s": 16.046279269,
    "optimized_update_cumulative_s": 0.095804497,
    "speedup_x": 167.48983368703455
  },
  "latest_run": "artifacts/live_run/run_20260307_171707",
  "notes": "Metric formulas/window alignment unchanged; detector logic and sweep utility updated."
}